标题,发布单位,新闻URL,发布日期,来源,查询时间
【关注！2026年第14周工信领域大事要闻】1.工信部等七部门联合印发《加力推进石化化工行业老旧装置更新改造行动方案（2026—2029年）》；2. 2026年...,工信微报,https://m.weibo.cn/detail/5284409688199330,2026-04-05,微博-工信微报,2026-04-06T00:59:32+08:00
中国科大高速VCO模数转换器芯片实现2.5 GS/s采样速率,中科院之声,https://m.weibo.cn/detail/5284371477304664,2026-04-05,微博-中科院之声,2026-04-06T00:59:32+08:00
【图解海报 | 《国家药监局关于“人工智能+药品监管”的实施意见》系列政策图解（四）】,国家药监局,https://m.weibo.cn/detail/5284264948269371,2026-04-05,微博-国家药监局,2026-04-06T00:59:32+08:00
【图解海报 | 《国家药监局关于“人工智能+药品监管”的实施意见》系列政策图解（三）】,国家药监局,https://m.weibo.cn/detail/5284264834762254,2026-04-05,微博-国家药监局,2026-04-06T00:59:32+08:00
【图解海报 | 《国家药监局关于“人工智能+药品监管”的实施意见》系列政策图解（二）】,国家药监局,https://m.weibo.cn/detail/5284264738292113,2026-04-05,微博-国家药监局,2026-04-06T00:59:32+08:00
【全国首个陆海统筹智能监测“黑灯实验室”落地舟山】 #看浙里# 浙江舟山群岛海洋监测基地投用的“黑灯实验室”，是全国生态环境系统首个兼具地表水和海水自动分析功能...,浙江发布,https://m.weibo.cn/detail/5284303857519204,2026-04-05,微博-浙江发布,2026-04-06T00:59:32+08:00
【我省出台数据要素领域首个纲领性文件 激发供数动力 释放用数活力】 #河南要闻# 近日，一款名为OpenClaw（又称“龙虾”）的开源AI智能体在全球迅速走红，...,河南政府网,https://m.weibo.cn/detail/5284285738387037,2026-04-05,微博-河南政府网,2026-04-06T00:59:32+08:00
#春假才过完江苏秋假时间就定了# 【春假才过完，秋假时间就定了】江苏省教育厅印发的《关于优化中小学假期安排的通知》，明确在全省范围内推行春秋假期制度。继今年春季...,微博江苏,https://m.weibo.cn/detail/5284407540978131,2026-04-05,微博-微博江苏,2026-04-06T00:59:32+08:00
#吉林春趣春又来# 吉林大学第十一届杏花文化节即将来袭 ，今年又恰逢吉林大学建校80周年，春日顶流限定上线~杏花嘉年华、赏花周、八大系列文化活动轮番登场，AI春...,吉林发布,https://m.weibo.cn/detail/5284342110356942,2026-04-05,微博-吉林发布,2026-04-06T00:59:32+08:00
【青海构建数智化碳账户体系】 4月1日，中国人民银行青海省分行传来消息，为深入贯彻绿色发展理念，中国人民银行青海省分行协同青海省智慧双碳大数据中心积极推动金融支...,青海发布,https://m.weibo.cn/detail/5284455297319946,2026-04-05,微博-青海发布,2026-04-06T00:59:32+08:00
【智能巡检新突破】近日，南网超高压公司梧州局首次启用无人机机巢。对500千伏变电站开展全自动专项巡检。无需人工操控，无人机自主巡航、实时回传画面，精准排查周边飘...,南网50Hz,https://m.weibo.cn/detail/5284311910582649,2026-04-05,微博-南网50Hz,2026-04-06T00:59:32+08:00
【永远铭记！ #AI复刻全军十大挂像英模事迹# 】 #中国军号AI视频致敬挂像英模# 十位英雄模范，十座不朽丰碑。他们以生命赴使命，以热血护山河，把自己的一切都...,国家能源集团之声,https://m.weibo.cn/detail/5284409579148403,2026-04-05,微博-国家能源集团之声,2026-04-06T00:59:32+08:00
中国联通累计出动保障人员5772人次、车辆1694车次、应急通信车3辆、应急装备3套，完成海南省5300余公里干线光缆、论坛核心保障区域180余公里光缆三轮巡检...,中国联通,https://m.weibo.cn/detail/5284430013007158,2026-04-05,微博-中国联通,2026-04-06T00:59:32+08:00
乐高拼就的春日图景里，藏着移动人的温柔守护。从网络优化到反诈宣传，从信号塔到营业厅，一块块积木，拼出的是移动人不负春光、守护万家的责任与承诺！ #移起AI+# ...,中国移动,https://m.weibo.cn/detail/5284327014531375,2026-04-05,微博-中国移动,2026-04-06T00:59:32+08:00
「智」在赏春色 「稳」步踏青途 「省」心赴春光 清明踏青，与春同行 #清明# #科技长安智慧伙伴# #清明节# #新长安新安全天枢智能# #长安蓝鲸超擎混动# ...,中国长安汽车集团,https://m.weibo.cn/detail/5284251697152771,2026-04-05,微博-中国长安汽车集团,2026-04-06T00:59:32+08:00
【关键装备自主可控！攀钢首台套钢轨智能化热处理实验平台投用】近日，攀钢自主研发设计制造的首台套钢轨智能化热处理实验平台正式投用，标志着在关键实验装备自主可控上迈...,鞍钢集团,https://m.weibo.cn/detail/5284269133660531,2026-04-05,微博-鞍钢集团,2026-04-06T00:59:32+08:00
#绿色智慧钢铁 铸就美好未来# 还静于民，还宁于厂！ 4月1日，新钢集团噪声治理工程圆满达标验收，厂界噪声全面达到国家标准，昼间低于65分贝、夜间低于55分贝，...,友爱的宝武,https://m.weibo.cn/detail/5284364759597688,2026-04-05,微博-友爱的宝武,2026-04-06T00:59:32+08:00
【日产80万支 出口占比超五成 “鹤壁造”冰淇淋缘何海外走俏】 #河南要闻# 4月2日，浚县先进制造业开发区内，河南省淇航食品有限公司（以下简称“淇航食品”）的...,河南政府网,https://m.weibo.cn/detail/5283890518033870,2026-04-04,微博-河南政府网,2026-04-06T00:59:32+08:00
【山东启动人工智能赋能轻工纺织产业焕新升级活动，亮点速戳→】山东省工业和信息化厅、省商务厅、省体育局、省总工会近日联合印发《“新轻纺 享生活”人工智能赋能轻工纺...,山东发布,https://m.weibo.cn/detail/5283930158138028,2026-04-04,微博-山东发布,2026-04-06T00:59:32+08:00
#内蒙古高效增强绿色发展动能# 【呼和浩特：绿色算力加速聚集“中国云谷”】 #内蒙古科技创新全领域见实效# 4月1日，跟随2026绿色算力宣传媒体行活动，记者一...,活力内蒙古,https://m.weibo.cn/detail/5283988026690009,2026-04-04,微博-活力内蒙古,2026-04-06T00:59:32+08:00
#津彩相随# 【天津一区新建、迁建一批医疗机构，最新规划——】近日，河东区卫健委印发关于《天津市河东区医疗卫生设施布局规划（2024-2035年）》的通知，河东...,天津发布,https://m.weibo.cn/detail/5283957073250998,2026-04-04,微博-天津发布,2026-04-06T00:59:32+08:00
【绿算赋能青海 协同开启新篇】 3月27日，以“抢抓算电协同新机遇 打造西算东用新标杆”为主题的第三届青海绿色算力产业发展推介会在北京成功举办。 网页链接,青海发布,https://m.weibo.cn/detail/5283958780595667,2026-04-04,微博-青海发布,2026-04-06T00:59:32+08:00
【罗东川：加快推动生态环境治理数智化转型 以更高标准推进生态文明高地建设】 4月3日上午，省委副书记、省长罗东川在省生态环境厅调研时强调，要深入学习贯彻习近平生...,青海发布,https://m.weibo.cn/detail/5283957805679854,2026-04-04,微博-青海发布,2026-04-06T00:59:32+08:00
【科技防山火 织密防护网】 #清明# 将至，气温回升，南方电网广东东莞东北区供电局防患于未“燃”，通过“人防+技防”等手段组织配网智能作业班工作人员利用无人机对...,南网50Hz,https://m.weibo.cn/detail/5283987271451979,2026-04-04,微博-南网50Hz,2026-04-06T00:59:32+08:00
#天翼微百科# 春困秋乏，手机电池也“犯困”？今天，我们就来聊聊怎么让手机电池在这个春天“精神抖擞”！ #天翼AI#,中国电信,https://m.weibo.cn/detail/5284055219177164,2026-04-04,微博-中国电信,2026-04-06T00:59:32+08:00
春风轻拂，绿草萌新，美好春日已如约而至。 收好这份春日出行小贴士，健康相伴，自在出游！ #科技翼力量# #天翼AI#,中国电信,https://m.weibo.cn/detail/5284009920693700,2026-04-04,微博-中国电信,2026-04-06T00:59:32+08:00
【您有一封来自中国电信的明信片，请查收】春风执笔，繁花为信。这个假期，无论你奔赴山野，还是徜徉花海，我们都以智慧网络，守护你途中的每一份美好，让信号满格，与春光...,中国电信,https://m.weibo.cn/detail/5283979721967350,2026-04-04,微博-中国电信,2026-04-06T00:59:32+08:00
#数字惠农 智慧兴村# 【山西曲沃：“数字赋能”田园美，“科技兴农”产业旺】春潮涌动沃野间，数智赋能启新篇。作为农业大县，山西临汾曲沃县依托“晋之源”品牌深耕果...,中国联通,https://m.weibo.cn/detail/5283921840570955,2026-04-04,微博-中国联通,2026-04-06T00:59:32+08:00
与春天同行，思念在云端，希望在掌心。 #清明# #移起AI+#,中国移动,https://m.weibo.cn/detail/5283964622473040,2026-04-04,微博-中国移动,2026-04-06T00:59:32+08:00
从麦穗在手的直播龙到深山穿梭的巡线蛇，从耳听八方的耳报鼠到奋力向上的建设兔……中国移动十二位“特别员工”已就位！他们是装维先锋、智慧管家、5G助农达人，更是您身...,中国移动,https://m.weibo.cn/detail/5283919323989293,2026-04-04,微博-中国移动,2026-04-06T00:59:32+08:00
【一次获得两项AAA级认证！冲刺“国家级”了】近日，鞍钢联众获得中电鸿信信息科技有限公司（简称“中电鸿信”）两化融合管理体系AAA级、数字化转型管理体系AAA级...,鞍钢集团,https://m.weibo.cn/detail/5283904224756984,2026-04-04,微博-鞍钢集团,2026-04-06T00:59:32+08:00
#更加智慧的宝武# 3月24日-26日，2026中国智电汽车科技与供应链展览会在重庆举行，宝钢携新能源车整体解决方案SMARTeX惊艳亮相，全面展示了宝钢汽车板...,友爱的宝武,https://m.weibo.cn/detail/5284002370945451,2026-04-04,微博-友爱的宝武,2026-04-06T00:59:32+08:00
#中国的宝武# 诚信铸基！近日，在2026企业信用发展论坛暨第十七届诚信公益盛典上，“2025中国企业信用500强”“2025年中国制造业企业信用100强”正式...,友爱的宝武,https://m.weibo.cn/detail/5283972172480920,2026-04-04,微博-友爱的宝武,2026-04-06T00:59:32+08:00
【“十五五”新图景】数智化变革中的万亿新空间,工信微报,https://view.inews.qq.com/a/20260404A03ACH00,2026-04-04,腾讯新闻搜索-工信微报,2026-04-04T13:57:33+08:00
【 #中华考工记食品工业篇# 即将播出】从“三锅同沸”的古法巧思，到智能生产线的精准调控；从千年储粮的东方智慧，到现代锁鲜的匠心工艺；从田间地头的源头把控，到餐...,工信微报,https://m.weibo.cn/detail/5283708694696355,2026-04-03,微博-工信微报,2026-04-06T00:59:32+08:00
【工信部等七部门联合印发《加力推进石化化工行业老旧装置更新改造行动方案（2026—2029年）》】提出到2029年，各地2025年已确定的石化化工老旧装置更新改...,工信微报,https://m.weibo.cn/detail/5283592495693984,2026-04-03,微博-工信微报,2026-04-06T00:59:32+08:00
【工信部组织开展普惠算力赋能中小企业发展专项行动】明确五项重点任务：算力资源配置提升行动、算力服务普惠供给行动、重点行业企业赋能行动、产业生态协同共建行动、人才...,工信微报,https://m.weibo.cn/detail/5283544987601102,2026-04-03,微博-工信微报,2026-04-06T00:59:32+08:00
【工信部等多部门部署开展2026年“一起益企”中小企业服务行动】围绕中小企业在落实政策、引育人才、投融资、技术创新、数智化转型、管理提升、市场拓展等方面的痛点难...,工信微报,https://m.weibo.cn/detail/5283544136155464,2026-04-03,微博-工信微报,2026-04-06T00:59:32+08:00
【别怕！这条自研“蛇”很聪明】近日，南方电网云南电网昆明官渡供电局配网带电作业班，首次使用自主研发的蛇形爬线巡检机器人，对10千伏西冲线开展精细化巡检。作业中，...,国资小新,https://m.weibo.cn/detail/5283662632846569,2026-04-03,微博-国资小新,2026-04-06T00:59:32+08:00
【全国首张5G-A x AI大上行商用网络，来了！】随着多模态人机交互、具身智能机器人、工业机器视觉质检、超高清直播带货等创新业务的爆发式增长，再加上AI手机、...,国资小新,https://m.weibo.cn/detail/5283652579103773,2026-04-03,微博-国资小新,2026-04-06T00:59:32+08:00
#数育未来# #数字教育引领未来# 【“十五五”时期“人工智能+教育”有哪些重点工作？组图带你了解】近日，教育部召开国家教育数字化战略行动2026年部署会。面向...,微言教育,https://m.weibo.cn/detail/5283545863686399,2026-04-03,微博-微言教育,2026-04-06T00:59:32+08:00
【山西省聚焦四个方面提升行政执法监督效能】近日，《2026年山西省行政执法监督工作要点》正式印发，聚焦企业和群众反映强烈的执法堵点痛点难点，从4个方面加以完善，...,司法部,https://m.weibo.cn/detail/5283563129804057,2026-04-03,微博-司法部,2026-04-06T00:59:32+08:00
【 #AI画水# | 春汛为什么叫桃花汛？】,中国水利,https://m.weibo.cn/detail/5283615797939121,2026-04-03,微博-中国水利,2026-04-06T00:59:32+08:00
#微新闻# 商务部等9部门联合印发《服务消费提质惠民行动2026年工作方案》 详戳下图↓,商务微新闻,https://m.weibo.cn/detail/5283645883678927,2026-04-03,微博-商务微新闻,2026-04-06T00:59:32+08:00
#四川火了一个新职业# 你会考虑当“人工智能训练师”吗？ 网页链接,四川发布,https://m.weibo.cn/detail/5283622844111116,2026-04-03,微博-四川发布,2026-04-06T00:59:32+08:00
【教育部：义务教育学校严禁设重点班、实验班等（附举报渠道）】近日，教育部办公厅印发通知，对开展中小学阳光招生专项行动（2026年）作出部署，一起来看。详情>> ...,重庆发布,https://m.weibo.cn/detail/5283625509585344,2026-04-03,微博-重庆发布,2026-04-06T00:59:32+08:00
【最新印发！江西省防汛抗旱应急预案】 网页链接 （来源：“江西省人民政府”微信公众号）,江西发布,https://m.weibo.cn/detail/5283595447175643,2026-04-03,微博-江西发布,2026-04-06T00:59:32+08:00
#锚定五大战略定位建设内蒙古# 【同比增长182.16% 一季度满都拉口岸进出境货运量达344.7万吨】3月31日，随着当月最后一辆满载煤炭的货车通过海关智能卡...,活力内蒙古,https://m.weibo.cn/detail/5283655838336601,2026-04-03,微博-活力内蒙古,2026-04-06T00:59:32+08:00
#电-液混合特种人形机器人交流研讨会召开# 近日，由航空工业自控所牵头的国家自然科学基金企业创新发展联合基金集成项目“电-液混合特种人形机器人驱动机理及集成验证...,中国航空工业集团,https://m.weibo.cn/detail/5283619599551972,2026-04-03,微博-中国航空工业集团,2026-04-06T00:59:32+08:00
#奋进的石油人# 【向地球深部进军！塔里木175MPa特高压井口装备填补国内空白】 3月29日2026中关村论坛年会重大成果专场发布会在北京举行。现场集中发布了...,中国石油,https://m.weibo.cn/detail/5283594684600307,2026-04-03,微博-中国石油,2026-04-06T00:59:32+08:00
在中国海油有这样一位焊缝“神探”，16年来，他扎根一线，检测焊缝超20万米，审阅底片逾30万张，用过硬的专业水平为海洋油气装备筑牢安全屏障。他是谁？有什么过人本...,海油螺号,https://m.weibo.cn/detail/5283662632323618,2026-04-03,微博-海油螺号,2026-04-06T00:59:32+08:00
精准总组 3月23日，在海油工程青岛国际高端装备制造基地，随着对讲机中“就位完毕”的声音响起，流线型自航式专业海底管道铺设船“海洋石油206”2203分段和23...,海油螺号,https://m.weibo.cn/detail/5283659361551006,2026-04-03,微博-海油螺号,2026-04-06T00:59:32+08:00
近日，中国海油研发的国内首款海上智能工程设施工业物联网平台——“海毅系统”正式发布。这个“超级大脑”如何赋能海洋能源产业发展？一起来看深度介绍！ #中国海油# ...,海油螺号,https://m.weibo.cn/detail/5283629712278148,2026-04-03,微博-海油螺号,2026-04-06T00:59:32+08:00
#更加智慧的宝武# 4月3日，全球钢铁行业迎来历史性时刻——宝钢股份AI智慧高炉全球首发上线，并正式投入应用。这不仅是中国宝武发展历程中的里程碑，更标志着钢铁行...,友爱的宝武,https://m.weibo.cn/detail/5283726747765075,2026-04-03,微博-友爱的宝武,2026-04-06T00:59:32+08:00
#更加智慧的宝武# 3月20日，上海市大数据中心2024-2025年度优秀服务商表彰大会落幕，宝信软件成功登榜，拿下年度优秀服务商称号。自2023年该奖项设立以...,友爱的宝武,https://m.weibo.cn/detail/5283639983866085,2026-04-03,微博-友爱的宝武,2026-04-06T00:59:32+08:00
#更加智慧的宝武# 实力登榜国家级标杆！3月30日，湛江钢铁智慧绿色钢铁5G工厂成功入选工信部2025年5G工厂典型应用实践，跻身全国100个标杆项目之列，成为...,友爱的宝武,https://m.weibo.cn/detail/5283564486132490,2026-04-03,微博-友爱的宝武,2026-04-06T00:59:32+08:00
【世界最大直径高铁盾构机“领航号”成功穿越长江】3月29日，由中铁工业旗下中铁装备与中铁隧道局联合打造的世界最大直径高铁盾构机“领航号”完成长江水下段施工任务，...,中国中铁,https://m.weibo.cn/detail/5283627652613535,2026-04-03,微博-中国中铁,2026-04-06T00:59:32+08:00
"恭喜 @HenryLi019 等10名用户获得【极氪-中国铁建定制小熊1个】, @L梁园M 等5名用户获得【中国铁建限量盾构机模型1个】。微博官方唯一抽奖工具 ...",中国铁建,https://m.weibo.cn/detail/5283708526664061,2026-04-03,微博-中国铁建,2026-04-06T00:59:32+08:00
工信部、供销合作总社部署加强电动自行车锂离子电池回收利用体系建设,工信微报,https://view.inews.qq.com/a/20260403A07V1M00,2026-04-03,腾讯新闻搜索-工信微报,2026-04-04T13:57:33+08:00
三问+一图，读懂《关于进一步加强电动自行车锂离子电池回收利用体系建设的通知》,工信微报,https://view.inews.qq.com/a/20260403A07V1Q00,2026-04-03,腾讯新闻搜索-工信微报,2026-04-04T13:57:33+08:00
两部门关于进一步加强电动自行车锂离子电池回收利用体系建设的通知,工业和信息化部,http://www.miit.gov.cn/zwgk/zcwj/wjfb/tz/art/2026/art_00ca5710df374b6f962d881194bc5e9d.html,2026-04-03,MIIT-首页-最新政策,2026-04-04T07:35:07+08:00
工业和信息化部等七部门关于印发《加力推进石化化工行业老旧装置更新改造行动方案（2026－2029年）》的通知,工业和信息化部,http://www.miit.gov.cn/zwgk/zcwj/wjfb/tz/art/2026/art_5fbbef2f9f6d4aba8eedb1e05b43dd94.html,2026-04-03,MIIT-首页-最新政策,2026-04-04T07:35:07+08:00
工业和信息化部等七部门联合印发《加力推进石化化工行业老旧装置更新改造行动方案（2026－2029年）》,工业和信息化部,https://www.miit.gov.cn/xwfb/gxdt/sjdt/art/2026/art_32c4f132a34e460a981c4028ce23953a.html,2026-04-03,MIIT-首页-司局动态,2026-04-04T07:35:07+08:00
“十五五”电子信息制造业规划座谈会在武汉召开,工业和信息化部,https://www.miit.gov.cn/xwfb/gxdt/sjdt/art/2026/art_803145b241a14f01af86f2081940a09f.html,2026-04-03,MIIT-首页-司局动态,2026-04-04T07:35:07+08:00
工业和信息化部电子信息司与中兴通讯、小米集团对接电子信息制造业“十五五”发展规划,工业和信息化部,https://www.miit.gov.cn/xwfb/gxdt/sjdt/art/2026/art_667644b41af8414c862dae7f6d4f6fa7.html,2026-04-03,MIIT-首页-司局动态,2026-04-04T07:35:07+08:00
一图读懂：《关于进一步加强电动自行车锂离子电池回收利用体系建设的通知》,工业和信息化部,https://www.miit.gov.cn/zwgk/zcjd/art/2026/art_7f411ed4976d4fffb0aea5d4c6348094.html,2026-04-03,MIIT-首页-政策文件-相关解读,2026-04-04T07:35:07+08:00
政策解读：《关于进一步加强电动自行车锂离子电池回收利用体系建设的通知》,工业和信息化部,https://www.miit.gov.cn/zwgk/zcjd/art/2026/art_80545efa3a3b406f98c3e0c30add8ccd.html,2026-04-03,MIIT-首页-政策文件-相关解读,2026-04-04T07:35:07+08:00
工信部等七部门联合印发《加力推进石化化工行业老旧装置更新改造行动方案（2026—2029年）》,工信微报,https://view.inews.qq.com/a/20260403A034F400,2026-04-03,腾讯新闻搜索-工信微报,2026-04-03T14:12:21+08:00
【工信部等三部门联合印发《标准引领纺织工业优化升级行动方案（2026—2028年）》】提出到2028年，制修订多元适配、数字转型、绿色低碳、健康安全等标准300...,工信微报,https://m.weibo.cn/detail/5283191198058873,2026-04-02,微博-工信微报,2026-04-06T00:59:32+08:00
【北斗赋能+AI“站岗”】近日，马钢物流全新货运车辆智慧视频监控平台已正式上线运行，硬核护航运输安全。2025年，马钢物流与 @中国移动 马鞍山分公司对接，对三...,国资小新,https://m.weibo.cn/detail/5283322138727550,2026-04-02,微博-国资小新,2026-04-06T00:59:32+08:00
国务院办公厅印发《关于建立企业信用状况综合评价体系的实施方案》的通知,中国政府网,https://weibo.cn/sinaurl?luicode=10000011&lfid=1005055000609535&launchid=10000360-page_H5&u=https%3A%2F%2Fwww.gov.cn%2Fzhengce%2Fcontent%2F202604%2Fcontent_7064504.htm,2026-04-02,微博-中国政府网,2026-04-06T00:59:32+08:00
#数育未来# #数字教育引领未来# 【科技创新中心，来了！】近日，国家智慧教育公共服务平台建设上线科技创新中心，围绕科技创新资源汇聚和服务支撑，设置政策法规、科...,微言教育,https://m.weibo.cn/detail/5283310814628109,2026-04-02,微博-微言教育,2026-04-06T00:59:32+08:00
#征途2035看教育# 【一图速览，“十四五”期间教育数字化进展成效】“十四五”期间，我国教育数字化取得突破性进展，成为教育强国建设的重要动能。跟教育小微通过大...,微言教育,https://m.weibo.cn/detail/5283288668968264,2026-04-02,微博-微言教育,2026-04-06T00:59:32+08:00
#数育未来# #数字教育引领未来# 【国家智慧教育平台终身学习中心，上线！】近日，国家智慧教育平台终身学习中心上线，设置3大板块、6大功能区、5大栏目和5大专区...,微言教育,https://m.weibo.cn/detail/5283255449816693,2026-04-02,微博-微言教育,2026-04-06T00:59:32+08:00
#数育未来# #数字教育引领未来# 【“中文教育中心”，正式上线！】紧扣教育数字化战略行动部署，教育部日前在国家智慧教育平台国际版正式上线“中文教育中心”。平台...,微言教育,https://m.weibo.cn/detail/5283212672368673,2026-04-02,微博-微言教育,2026-04-06T00:59:32+08:00
国务院办公厅印发《关于建立企业信用状况综合评价体系的实施方案》 新华社北京4月2日电 日前，国务院办公厅印发《关于建立企业信用状况综合评价体系的实施方案》（以下...,国家发展改革委,https://m.weibo.cn/detail/5283330548829740,2026-04-02,微博-国家发展改革委,2026-04-06T00:59:32+08:00
#税务合规典型企业案例# 【深圳发布具身智能行业税务合规典型案例】“十五五”规划纲要提出，前瞻布局未来产业，推动量子科技、具身智能等成为新的经济增长点。作为中国...,国家税务总局,https://m.weibo.cn/detail/5283300895624220,2026-04-02,微博-国家税务总局,2026-04-06T00:59:32+08:00
【市场监管总局召开检验检测智慧监管能力提升攻坚行动工作会】 3月31日，市场监管总局召开检验检测智慧监管能力提升攻坚行动工作视频会，深入学习贯彻党的二十届四中全...,市说新语,https://m.weibo.cn/detail/5283285145750482,2026-04-02,微博-市说新语,2026-04-06T00:59:32+08:00
【关于使用OpenClaw等智能体撰写专利申请文件的风险提示】近期，OpenClaw（“小龙虾”，曾用名Clawdbot、Moltbot）等智能体工具被曝光默认...,国家知识产权局,https://m.weibo.cn/detail/5283218290903888,2026-04-02,微博-国家知识产权局,2026-04-06T00:59:32+08:00
#江西邮政快递业与制造业融合发展添动力# 江西省政府办公厅印发《关于支持产业集群提能升级的若干措施》。《若干措施》明确，支持集群发展生产性服务业，围绕共享制造等...,国家邮政局,https://m.weibo.cn/detail/5283193582520328,2026-04-02,微博-国家邮政局,2026-04-06T00:59:32+08:00
【图解海报 | 《国家药监局关于“人工智能+药品监管”的实施意见》系列政策图解（一）】,国家药监局,https://m.weibo.cn/detail/5283266750055528,2026-04-02,微博-国家药监局,2026-04-06T00:59:32+08:00
【《国家药监局关于“人工智能+药品监管”的实施意见》政策解读】 网页链接,国家药监局,https://m.weibo.cn/detail/5283215981939153,2026-04-02,微博-国家药监局,2026-04-06T00:59:32+08:00
【国家药监局关于“人工智能+药品监管”的实施意见】 网页链接,国家药监局,https://m.weibo.cn/detail/5283215863711578,2026-04-02,微博-国家药监局,2026-04-06T00:59:32+08:00
【国家药监局发布《关于“人工智能+药品监管”的实施意见》】 网页链接,国家药监局,https://m.weibo.cn/detail/5283215745220768,2026-04-02,微博-国家药监局,2026-04-06T00:59:32+08:00
【国内首个离网型绿电直连项目在山东落地后将实现100%绿电供给】山东省能源局副局长岳建如介绍，山东积极落实国家部署要求，一方面，强化政策支撑，去年9月印发《山东...,山东发布,https://m.weibo.cn/detail/5283289662751653,2026-04-02,微博-山东发布,2026-04-06T00:59:32+08:00
【今年年底，山东虚拟电厂调节能力将超过150万千瓦】山东省能源局副局长岳建如介绍，近期，为引导虚拟电厂规模化发展，省能源局又印发《山东省促进虚拟电厂高质量发展方...,山东发布,https://m.weibo.cn/detail/5283289650692304,2026-04-02,微博-山东发布,2026-04-06T00:59:32+08:00
【达到国内领先水平！海大团队为脑机接口注入海南“芯”】在海南大学实验室，几枚只有指甲盖大小的国产脑机接口芯片问世。它们虽小，却像一座座微缩的“神经中枢”，让大脑...,海南发布,https://m.weibo.cn/detail/5283262495984259,2026-04-02,微博-海南发布,2026-04-06T00:59:32+08:00
【中核混凝土数智化转型成果入选中施协科技创新管理成果推广名单】 #核创未来启新程# 近日，中国施工企业管理协会2026年工程建设行业科技工作会议在杭州召开，会上...,中核集团,https://m.weibo.cn/detail/5283261045803934,2026-04-02,微博-中核集团,2026-04-06T00:59:32+08:00
看看这个模型你们稀不稀罕 明天就是 #水轰5首飞50周年# 的纪念日了，拿出来应应景。 #加快建设新时代航空强国#,中国航空工业集团,https://m.weibo.cn/detail/5283279764720786,2026-04-02,微博-中国航空工业集团,2026-04-06T00:59:32+08:00
#国内首个路空一体国家级测试基地正式投用# 近日，国家智能网联汽车质检中心（广东）（筹）、广东省低空经济中试平台（筹）能力发布会暨南方试验场启用仪式在广东韶关举...,中国航空工业集团,https://m.weibo.cn/detail/5283258973028522,2026-04-02,微博-中国航空工业集团,2026-04-06T00:59:32+08:00
【国资委：印发《中央企业绿色低碳供应链建设指引(试行)》】 据新浪网消息，近日，国资委印发《中央企业绿色低碳供应链建设指引(试行)》。文件明确，将绿色低碳理念融...,国家电投,https://m.weibo.cn/detail/5283270045729370,2026-04-02,微博-国家电投,2026-04-06T00:59:32+08:00
NX8「品质安心实验室」碰撞安全工程师直播！4月2日17:30-18:00欢迎大家共同见证 #东风日产NX8# #20万级大大大五座智慧舒享SUV# #合资大厂...,东风汽车,https://m.weibo.cn/detail/5283302273455364,2026-04-02,微博-东风汽车,2026-04-06T00:59:32+08:00
【带你解锁 #东方colorwalk# ——魅力紫 】春色正浓，盛放在 @东方电气 的紫色，是创新突破的喜上眉梢，是智慧车间的优雅光谱，是宏伟蓝图的浪漫期许。这...,东方电气,https://m.weibo.cn/detail/5283309017892187,2026-04-02,微博-东方电气,2026-04-06T00:59:32+08:00
【百年矿山焕新颜！】开年以来，鞍钢矿业齐大山铁矿打造全流程数智化采矿体系，该矿持续发挥 “卓越级智能工厂” 引领作用，以智能制造为引擎、科技创新为羽翼，构建 “...,鞍钢集团,https://m.weibo.cn/detail/5283166470276439,2026-04-02,微博-鞍钢集团,2026-04-06T00:59:32+08:00
#绿色智慧钢铁 铸就美好未来# 3月16日，湛江钢铁、环科湛江顺利完成首批社会化工业危险废物接收、入库，标志着企业实现从冶金炉窑协同处置厂内危废，到面向社会开放...,友爱的宝武,https://m.weibo.cn/detail/5283277595476342,2026-04-02,微博-友爱的宝武,2026-04-06T00:59:32+08:00
#更加智慧的宝武# 北斗赋能+AI“站岗”！近日，马钢物流全新货运车辆智慧视频监控平台已正式上线运行，硬核护航运输安全。 2025年，马钢物流与中国移动马鞍山分...,友爱的宝武,https://m.weibo.cn/detail/5283247396490060,2026-04-02,微博-友爱的宝武,2026-04-06T00:59:32+08:00
【“三个转变”首倡地奏响巾帼强音2026年首场巾帼大宣讲暨工人大思政课走进中铁装备生产一线】3月21日，由全国妇联宣传部、铁路总工会主办，中国妇女杂志社、中国中...,中国中铁,https://m.weibo.cn/detail/5283201091110694,2026-04-02,微博-中国中铁,2026-04-06T00:59:32+08:00
当中国基建与智能装备巅峰碰撞——这场东海之上的“赛博秀”不容错过！4月3日，在东海百米高空的“世界第一跨”海上猫道，环球网主持人携“赛博天团”机器人与机器狗联袂...,中国铁建,https://m.weibo.cn/detail/5283337992148811,2026-04-02,微博-中国铁建,2026-04-06T00:59:32+08:00
【物理世界AI落地建筑行业！中国建研院墨斗云推动行业数智化升级】2026年2月，全球设计软件巨头Autodesk战略投资李飞飞创办的World Labs，推动P...,中国建研院,https://m.weibo.cn/detail/5283218460509323,2026-04-02,微博-中国建研院,2026-04-06T00:59:32+08:00
工业和信息化部等十部门关于印发《人工智能科技伦理审查与服务办法（试行）》的通知,工业和信息化部,http://www.miit.gov.cn/zwgk/zcwj/wjfb/tz/art/2026/art_c5039010f5d24e1593152a9355f9c51c.html,2026-04-02,MIIT-首页-最新政策,2026-04-04T07:35:07+08:00
工业和信息化部办公厅关于开展普惠算力赋能中小企业发展专项行动的通知,工业和信息化部,https://www.miit.gov.cn/zwgk/zcwj/wjfb/tz/art/2026/art_58259bfb30924d6bb225b82b66d1008d.html,2026-04-02,MIIT-首页-政策文件,2026-04-03T14:12:21+08:00
一图读懂《工业和信息化部办公厅关于开展普惠算力赋能中小企业发展专项行动的通知》,工业和信息化部,https://www.miit.gov.cn/zwgk/zcjd/art/2026/art_4adb7d2acd4d4cb1b8a7c45a7bc839fa.html,2026-04-02,MIIT-首页-政策文件-相关解读,2026-04-03T14:12:21+08:00
算力普惠中小企业！工信部开展专项行动,工信微报,https://view.inews.qq.com/a/20260402A06QS800,2026-04-02,腾讯新闻搜索-工信微报,2026-04-03T07:36:00+08:00
工信部等三部门联合印发《标准引领纺织工业优化升级行动方案（2026—2028年）》,工信微报,https://view.inews.qq.com/a/20260402A02KCY00,2026-04-02,腾讯新闻搜索-工信微报,2026-04-02T14:12:51+08:00
【工信部发布《2025年5G工厂典型应用实践》 推广5大领域100个典型项目】共遴选出100个技术先进、标杆引领的5G工厂典型应用实践，覆盖原材料工业、装备工业...,工信微报,https://m.weibo.cn/detail/5282941706179241,2026-04-01,微博-工信微报,2026-04-06T00:59:32+08:00
【科技部副部长林新出席2026年中关村论坛“中韩科技创新合作论坛”】3月26日上午，以“智汇中韩，科创共赢—具身智能赋能未来产业”为主题的2026年中关村论坛“...,锐科技,https://m.weibo.cn/detail/5282908074149129,2026-04-01,微博-锐科技,2026-04-06T00:59:32+08:00
#全国中小学生安全教育日# #全国中小学生安全教育周# 【守护校园食品安全，教育部要求严禁制售高风险食品】近日，教育部办公厅近日印发《校园食品安全“十必须”》，...,微言教育,https://m.weibo.cn/detail/5282923260940076,2026-04-01,微博-微言教育,2026-04-06T00:59:32+08:00
#数育未来# #数字教育引领未来# 【新版国家智慧教育平台来了】近日，国家智慧教育公共服务平台实现智能化升级，聚焦服务教育强国重大战略需求，将基础教育、职业教育...,微言教育,https://m.weibo.cn/detail/5282852709337922,2026-04-01,微博-微言教育,2026-04-06T00:59:32+08:00
【辽宁深入推进现代公共法律服务体系建设 多维度构建“群众身边的法律服务圈”】2025年，辽宁省司法厅坚持以人民为中心，深入推进现代公共法律服务体系建设，持续优化...,司法部,https://m.weibo.cn/detail/5282856731676399,2026-04-01,微博-司法部,2026-04-06T00:59:32+08:00
#山东省委一号文件支持深化寄递物流体系建设# 《中共山东省委 山东省人民政府关于加快农业农村现代化扎实推进乡村全面振兴的实施意见》（以下简称《意见》），即202...,国家邮政局,https://m.weibo.cn/detail/5282832486500925,2026-04-01,微博-国家邮政局,2026-04-06T00:59:32+08:00
【 #福建14条措施支持高校体育类社团发展# 】 #福建支持高校重点培育三大球# 共青团福建省委、省教育厅、省体育局近日联合印发了《关于支持福建省高校“体育类”...,福建发布,https://m.weibo.cn/detail/5282841078533503,2026-04-01,微博-福建发布,2026-04-06T00:59:32+08:00
#海南AI医生真的要来了# 【 #4月底海南AI医生将上岗# 】近日，海南省三医健康数据赋能人工智能创新产业发布会在博鳌乐城国际医疗旅游先行区举办。会上发布了海...,海南发布,https://m.weibo.cn/detail/5282847263817974,2026-04-01,微博-海南发布,2026-04-06T00:59:32+08:00
【 #最强大脑来了# 】 AI知识管理平台打造高质量发展“智慧引擎”，2026年是“十五五”规划开局之年，中核二二紧扣国家“人工智能+”行动、中核集团与中国核建...,中核集团,https://m.weibo.cn/detail/5282840968695227,2026-04-01,微博-中核集团,2026-04-06T00:59:32+08:00
有序衔接 3月27日，在海油工程天津智能制造基地结构制管作业车间，施工人员正专注打磨预弯后的板材，为下一步的卷管工序做好准备。 #最美一线海油人# 海油螺号,海油螺号,https://m.weibo.cn/detail/5282890042311935,2026-04-01,微博-海油螺号,2026-04-06T00:59:32+08:00
【春检正当时】天津 在世界单体容量最大的“盐光互补”光伏项目，天津华电海晶光伏 500kV升压站率先引入四足智能巡检机器狗“汪汪队”，实现设备运维的无人化与智能...,中国华电,https://m.weibo.cn/detail/5282841619072476,2026-04-01,微博-中国华电,2026-04-06T00:59:32+08:00
【南方暴雨来袭，华电“汛”速行动 硬核守护！】乌江公司 乌江公司坚持“安全第一、常备不懈、以防为主、全力抢险”的防汛工作方针，统筹抓好设备管理、智慧调度、应急保...,中国华电,https://m.weibo.cn/detail/5282838389721866,2026-04-01,微博-中国华电,2026-04-06T00:59:32+08:00
【Token到底是个啥?】 #Token有中文名了叫词元# 最近这些新词儿真是一个又一个啊……“词元”火了，能源行业该看懂什么？,中国华电,https://m.weibo.cn/detail/5282814959289119,2026-04-01,微博-中国华电,2026-04-06T00:59:32+08:00
长安天枢智能机器人公司正式成立 以具身智能重塑出行生态 #新长安新安全天枢智能# #科技长安智慧伙伴#,中国长安汽车集团,https://m.weibo.cn/detail/5282974142300602,2026-04-01,微博-中国长安汽车集团,2026-04-06T00:59:32+08:00
长安汽车在重庆获批L4级自研Robotaxi测试牌照， 天枢智驾全面进阶未来出行 #新长安新安全天枢智能# #科技长安智慧伙伴# #长安汽车获批L4自动驾驶测试...,中国长安汽车集团,https://m.weibo.cn/detail/5282815224840323,2026-04-01,微博-中国长安汽车集团,2026-04-06T00:59:32+08:00
【鞍钢资源卸料放矿定位系统成功投用！】近日，鞍钢资源卸料放矿定位系统在东鞍山铁矿正式投用，智能卸料放矿小车安全精准完成矿石入仓作业，告别人工操作，既提效又筑牢安...,鞍钢集团,https://m.weibo.cn/detail/5282814658349028,2026-04-01,微博-鞍钢集团,2026-04-06T00:59:32+08:00
《民用爆炸物品行业标准体系建设指南（2026—2030年）》（征求意见稿）公开征求意见,工业和信息化部,https://www.miit.gov.cn/gzcy/yjzj/art/2026/art_f559f2210807422ea64e545b4e886588.html,2026-04-01,MIIT-首页-意见征集,2026-04-02T14:12:51+08:00
工信部修订印发《工业产品质量控制和技术评价实验室管理办法》,工信微报,https://view.inews.qq.com/a/20260401A032A200,2026-04-01,腾讯新闻搜索-工信微报,2026-04-01T14:26:38+08:00
【“十五五”新图景】聚力“未来产业”  引领产业未来,工信微报,https://view.inews.qq.com/a/20260401A01IPG00,2026-04-01,腾讯新闻搜索-工信微报,2026-04-01T14:26:38+08:00
【工信部印发《工业产品质量控制和技术评价实验室管理办法（修订）》】《管理办法》明确，实验室主要任务是聚焦推动产业增品种、提品质、创品牌，面向企业提供高水平质量技...,工信微报,https://m.weibo.cn/detail/5282583782100291,2026-03-31,微博-工信微报,2026-04-06T00:59:32+08:00
【工信部等九部门联合印发《推动物联网产业创新发展行动方案（2026—2028年）】提出到2028年，物联网新技术、新产品、新模式不断涌现，产业创新能力持续增强，...,工信微报,https://m.weibo.cn/detail/5282539582523749,2026-03-31,微博-工信微报,2026-04-06T00:59:32+08:00
【“全民地球智能平行论坛”在中关村成功举办】2026年3月26日下午，中关村论坛全民地球智能平行论坛在北京成功召开。论坛以“地球智能推动全球治理创新”为主题，深...,锐科技,https://m.weibo.cn/detail/5282466029897880,2026-03-31,微博-锐科技,2026-04-06T00:59:32+08:00
【3月份中国采购经理指数重回扩张区间】2026年3月31日国家统计局服务业调查中心和中国物流与采购联合会发布了中国采购经理指数。3月份，制造业采购经理指数、非制...,中国政府网,https://m.weibo.cn/detail/5282633710839217,2026-03-31,微博-中国政府网,2026-04-06T00:59:32+08:00
习近平向世界数据组织成立致贺信 新华社北京3月30日电 3月30日，国家主席习近平向世界数据组织成立致贺信。 习近平指出，当今世界正在加速迈入智能时代，数据的基...,国家发展改革委,https://m.weibo.cn/detail/5282537740178962,2026-03-31,微博-国家发展改革委,2026-04-06T00:59:32+08:00
【宁夏出台意见为全区法治素养“加码”】3月24日，宁夏回族自治区党委全面依法治区委员会守法普法协调小组印发实施意见，全面贯彻落实《中华人民共和国法治宣传教育法》...,司法部,https://m.weibo.cn/detail/5282487945136428,2026-03-31,微博-司法部,2026-04-06T00:59:32+08:00
【市场监管总局、民政部发布新规规范殡葬领域明码标价】 为落实《殡葬管理条例》规定，加强殡葬领域价格监管，近日，市场监管总局会同民政部印发《殡葬领域明码标价规定（...,市说新语,https://m.weibo.cn/detail/5282499971256978,2026-03-31,微博-市说新语,2026-04-06T00:59:32+08:00
【两部门发布新规 细化殡葬领域明码标价要求】近日，市场监管总局、民政部联合印发《殡葬领域明码标价规定（试行）》，为各类经营者明码标价提供分类指引，自5月31日起...,民政微语,https://m.weibo.cn/detail/5282571571170983,2026-03-31,微博-民政微语,2026-04-06T00:59:32+08:00
#广东推动制造业与服务业协同融合发展 行业高质量发展获支持# 广东省委办公厅、省政府办公厅印发《广东省推动制造业与服务业协同融合发展2026年行动方案》（以下简...,国家邮政局,https://m.weibo.cn/detail/5282482674731161,2026-03-31,微博-国家邮政局,2026-04-06T00:59:32+08:00
#数据发布# 【2026年3月中国采购经理指数运行情况】3月份，制造业采购经理指数（PMI）为50.4%，比上月上升1.4个百分点，高于临界点，制造业景气水平回...,中国统计,https://m.weibo.cn/detail/5282468555917992,2026-03-31,微博-中国统计,2026-04-06T00:59:32+08:00
【国内首条年产能万台级人形机器人产线建成】国内首条年产能万台级的人形机器人自动化产线日前在广东正式投入使用。该产线年产能突破一万台，可实现每30分钟下线一台人形...,广东发布,https://m.weibo.cn/detail/5282499972040940,2026-03-31,微博-广东发布,2026-04-06T00:59:32+08:00
【 #65000吨绿色智能原油船交付# 可进江、可远洋，还能“喝”甲醇】3月27日，中国船舶集团七〇八所研发设计的65000载重吨原油船正式交付。该船特别适配海...,中国船舶,https://m.weibo.cn/detail/5282545736615238,2026-03-31,微博-中国船舶,2026-04-06T00:59:32+08:00
“精”在方寸间 3月23日，海油工程天津智能制造基地迎来施工高峰。各项目组合理调配资源，优化方案，提升各生产环节施工效率。图为施工人员打磨组块插间内环缝。 #最...,海油螺号,https://m.weibo.cn/detail/5282542753940369,2026-03-31,微博-海油螺号,2026-04-06T00:59:32+08:00
【祝贺！鞍钢集团两个项目夺得省级AI应用大赛优秀奖】近日，四川省第三届职工创新大赛暨2025年四川省职工AI应用大赛决赛在成都圆满落幕。经层层选拔与激烈角逐，成...,鞍钢集团,https://m.weibo.cn/detail/5282469385605858,2026-03-31,微博-鞍钢集团,2026-04-06T00:59:32+08:00
【《大跨桥梁高精度智能建造技术》斩获日内瓦国际发明展评审团特别嘉许金奖】 #重点工程# 近日，中铁山桥依托广州明珠湾大桥研发的《大跨桥梁高精度智能建造技术》斩获...,中国中铁,https://m.weibo.cn/detail/5282585791692933,2026-03-31,微博-中国中铁,2026-04-06T00:59:32+08:00
【国产超大直径盾构机“争先号”始发】3月27日，中国中铁旗下中铁装备研制的超大直径泥水平衡盾构机“争先号”（中铁1100号）在武汉两湖隧道始发。“争先号”开挖直...,中国中铁,https://m.weibo.cn/detail/5282543256732265,2026-03-31,微博-中国中铁,2026-04-06T00:59:32+08:00
【2025年《中央企业质量管理案例集》发布 《三级质量官制度 助推质量管理数字化进程》入选】近日，中铁工业旗下中铁山桥申报的《三级质量官制度助推质量管理数字化进...,中国中铁,https://m.weibo.cn/detail/5282472687571846,2026-03-31,微博-中国中铁,2026-04-06T00:59:32+08:00
三部门关于印发《标准引领纺织工业优化升级行动方案（2026—2028年）》的通知,工业和信息化部,http://www.miit.gov.cn/zwgk/zcwj/wjfb/tz/art/2026/art_017a5c831bb540289e11abc84d470e4e.html,2026-03-31,MIIT-首页-最新政策,2026-04-01T07:35:17+08:00
工业和信息化部等九部门关于印发《推动物联网产业创新发展行动方案（2026—2028年）》的通知,工业和信息化部,http://www.miit.gov.cn/zwgk/zcwj/wjfb/tz/art/2026/art_9d8c75f8355a4179abad5a6296273dd2.html,2026-03-31,MIIT-首页-最新政策,2026-04-01T07:35:17+08:00
工业和信息化部关于印发《工业产品质量控制和技术评价实验室管理办法》的通知,工业和信息化部,https://www.miit.gov.cn/zwgk/zcwj/wjfb/tz/art/2026/art_0bb48ba044aa40e4a4eeb90ae7c42228.html,2026-03-31,MIIT-首页-政策文件,2026-04-01T07:35:17+08:00
关于公开征求《智慧城市中数字孪生系统安全技术要求》等143项通信行业标准报批意见的公示,工业和信息化部,https://www.miit.gov.cn/zwgk/wjgs/art/2026/art_23656257062944bcbcb2ab5db1df8514.html,2026-03-31,MIIT-首页-文件公示,2026-03-31T14:16:34+08:00
工信部等九部门联合印发《推动物联网产业创新发展行动方案（2026—2028年）》,工信微报,https://view.inews.qq.com/a/20260331A03QAT00,2026-03-31,腾讯新闻搜索-工信微报,2026-03-31T14:16:34+08:00
【 #习近平向世界数据组织成立致贺信# 】 2026年3月30日，国家主席习近平向世界数据组织成立致贺信。 习近平指出，当今世界正在加速迈入智能时代，数据的基础...,外交部,https://m.weibo.cn/detail/5282212089955665,2026-03-30,微博-外交部,2026-04-06T00:59:32+08:00
【当PMI指数邂逅“五行智慧”——走进采购经理调查】天气预报能预知阴晴，可您知道预测经济运行的“晴雨表”吗？让我们带您穿越古今，用“金木水火土”的东方智慧走进全...,中国统计,https://m.weibo.cn/detail/5282170760595343,2026-03-30,微博-中国统计,2026-04-06T00:59:32+08:00
【大湾区最新空调“智造”工厂投产】近日，大湾区全新空调“智造”工厂投产！作为粤港澳大湾区单基地空调智能制造产能第一的工厂，2026年预计实现30亿元产值，“十五...,广东发布,https://m.weibo.cn/detail/5282167783163049,2026-03-30,微博-广东发布,2026-04-06T00:59:32+08:00
中国煤科煤科院多光谱智能煤质快检系统成功应用 @国资小新 @微博央企 @央企头条 @中国科技网 @中国煤炭网 @中国能源网 @品牌联盟 网页链接,中国煤炭科工集团,https://m.weibo.cn/detail/5282229447300455,2026-03-30,微博-中国煤炭科工集团,2026-04-06T00:59:32+08:00
【从“人控”转变为“智控”——中铁五局长赣高铁项目二分部数字融入推进智能建造“蝶变”记】当智能算法与钢筋混凝土相遇，数字孪生与隧道掘进同行，中铁五局长（沙）赣（...,中国中铁,https://m.weibo.cn/detail/5282213836099520,2026-03-30,微博-中国中铁,2026-04-06T00:59:32+08:00
#智聚焦# 【中智e享“AI政策助手”正式上线】中智北京推出面向HR的智能政策工具，聚焦社保、个税、薪酬等高频场景，支持对话式查询，问得自然、答得精准。 依托R...,中智集团,https://m.weibo.cn/detail/5282229691353531,2026-03-30,微博-中智集团,2026-04-06T00:59:32+08:00
3月27日，南水北调中线陶岔管理处“央企楷模”团队走进北京大学博雅学堂，和北大学生讲述分享南水北调工程的“硬核智慧”，从中线工程“水龙头”——陶岔渠首的守护日常...,博言南水北调,https://m.weibo.cn/detail/5282103144743200,2026-03-30,微博-博言南水北调,2026-04-06T00:59:32+08:00
【数智赋能，百年矿山焕新颜】鞍钢矿业齐大山铁矿调度人员在智能管控中心大屏前，实时分析采场智能配矿情况。作为 “卓越级智能工厂”，该矿正构建 “一平台 + 四中心...,鞍钢集团,https://m.weibo.cn/detail/5281733672177119,2026-03-29,微博-鞍钢集团,2026-04-06T00:59:32+08:00
#绿色智慧钢铁 铸就美好未来# 近期，欧冶云商 @欧冶云商 顺利通过全球权威认证机构BSI（英国标准协会）严格审核，正式获得ISO9001质量管理体系认证证书。...,友爱的宝武,https://m.weibo.cn/detail/5281797845549888,2026-03-29,微博-友爱的宝武,2026-04-06T00:59:32+08:00
【未来10天广东中北部迎强降雨】据气象部门预报，未来10天，广东中北部市县降水趋于频密，并伴有强对流天气。27日，广东省防汛防旱防风总指挥部办公室印发通知，要求...,广东发布,https://m.weibo.cn/detail/5281414094521927,2026-03-28,微博-广东发布,2026-04-06T00:59:32+08:00
【速看！2026年山东省“人工智能+网络安全”揭榜挂帅工作的通知来啦！】近日，省委网信办、省大数据局发布《关于开展2026年山东省“人工智能+网络安全”揭榜挂帅...,山东发布,https://m.weibo.cn/detail/5281451223286490,2026-03-28,微博-山东发布,2026-04-06T00:59:32+08:00
#教育头条# 【 #教育部发布20条严禁清单# 】近日，教育部印发通知，开展基础教育规范管理巩固年行动，针对各地出现的违规办学新情况新问题，新增严禁幼儿园小学化...,微言教育,https://m.weibo.cn/detail/5281071140701438,2026-03-27,微博-微言教育,2026-04-06T00:59:32+08:00
【湖南出台煤矿“五职”矿长和“五科”技术员“关键岗位”基本职责清单】近日，国家矿山安全监察局湖南局、湖南省应急管理厅联合印发《煤矿“五职”矿长和“五科”技术员岗...,国家矿山安全监察局,https://m.weibo.cn/detail/5281088886017778,2026-03-27,微博-国家矿山安全监察局,2026-04-06T00:59:32+08:00
#微新闻# 商务部、中国出口信用保险公司联合印发《关于充分发挥出口信用保险作用 推动“十五五”商务高质量发展良好开局的通知》 详戳下图↓,商务微新闻,https://m.weibo.cn/detail/5281136997829679,2026-03-27,微博-商务微新闻,2026-04-06T00:59:32+08:00
#四川省委一号文件支持农村寄递物流体系建设# 四川省委、省政府印发《关于加快推进乡村全面振兴开创农业农村现代化建设新局面的意见》，对加力建设新时代更高水平“天府...,国家邮政局,https://m.weibo.cn/detail/5281022066823997,2026-03-27,微博-国家邮政局,2026-04-06T00:59:32+08:00
#教育部发布20条严禁清单# 【教育部：严禁宣传炒作中高考状元、名校率、升学率】3月27日，据教育部消息，《关于开展基础教育规范管理巩固年行动的通知》于近日印发...,福建发布,https://m.weibo.cn/detail/5281134977223845,2026-03-27,微博-福建发布,2026-04-06T00:59:32+08:00
【57个！山东房屋建筑工程数字化应用场景试点项目（第一批）来了】近日，山东省住房和城乡建设厅发布《关于公布房屋建筑工程数字化应用场景试点项目（第一批）的通知》，...,山东发布,https://m.weibo.cn/detail/5281065770162497,2026-03-27,微博-山东发布,2026-04-06T00:59:32+08:00
#最硬核的国货购物车# 【五型海工装备获AIP认证】近日，亚太海事展在新加坡举行。中国船舶集团所属中国船舶及海洋工程设计研究院（MARIC）研发的五型海工装备获...,中国船舶,https://m.weibo.cn/detail/5281127176077698,2026-03-27,微博-中国船舶,2026-04-06T00:59:32+08:00
【夯爆了！这个数据分析女团拿下国家级荣誉】在税务数字化的浪潮中，大数据分析能力正成为智慧税务建设的重要驱动。在中国软件税务事业本部，有这样一支“特别”的数据分析...,CEC中国电子,https://m.weibo.cn/detail/5281001729165505,2026-03-27,微博-CEC中国电子,2026-04-06T00:59:32+08:00
#全面建成科技公司# 行业首发！ @一汽红旗 × 阿里云 #红旗HS6 PHEV# 搭载千问智能体 意图秒领会，开启全生态融合新可能~~ #超越·旗迹#,中国一汽,https://m.weibo.cn/detail/5281015987701009,2026-03-27,微博-中国一汽,2026-04-06T00:59:32+08:00
#早安一汽# 🎈低风阻 + 智能科技 驾驶又稳又飒 🔋超长续航 + 快充 奔赴热爱不焦虑 🎁7年0息 轻松解锁移动小天地 @一汽奔腾 #2026款悦意03# 懂...,中国一汽,https://m.weibo.cn/detail/5280974923106128,2026-03-27,微博-中国一汽,2026-04-06T00:59:32+08:00
#广西推动城市一刻钟便民生活圈建设扩围升级 快递获优先保障# 近日，广西壮族自治区商务厅、邮政管理局等15部门联合印发《关于加力推动全区城市一刻钟便民生活圈建设...,国家邮政局,https://m.weibo.cn/detail/5280662727958342,2026-03-26,微博-国家邮政局,2026-04-06T00:59:32+08:00
#流域检修科研成果亮点纷呈# 流域检修支持系统实现数智化升级：完成8项关键部件国产化攻关，重点项目水下机器人成功试验，四大机器人体系26台机器人集群发力，以科技...,中国三峡集团,https://m.weibo.cn/detail/5280650283190635,2026-03-26,微博-中国三峡集团,2026-04-06T00:59:32+08:00
【能源管理进厂：数字化的制造升级】智造工厂是能源消耗大户，数字化能源管理成为降本增效的关键抓手。 在广州小鹏汽车智造基地，CET中电技术的能源管理系统接入电、水...,CEC中国电子,https://m.weibo.cn/detail/5280646027020679,2026-03-26,微博-CEC中国电子,2026-04-06T00:59:32+08:00
【核心器件上车：智能化的技术支撑】新能源汽车的智能化升级，离不开车规级芯片、车载显示、工业软件等核心技术的自主安全。 上海贝岭的SAQ3100点火驱动芯片批量交...,CEC中国电子,https://m.weibo.cn/detail/5280645771166846,2026-03-26,微博-CEC中国电子,2026-04-06T00:59:32+08:00
【你开的车，藏着哪些中国电子元素？】“十五五”规划纲要指出，加快新一代信息技术、新能源、新材料、智能网联新能源汽车、机器人、生物医药、高端装备、航空航天等战略性...,CEC中国电子,https://m.weibo.cn/detail/5280645465245066,2026-03-26,微博-CEC中国电子,2026-04-06T00:59:32+08:00
驭见椰城，驾享山海 长安汽车天枢智能 开启智能时代的安全标配 让每一公里，皆安稳随行 #2026海南国际车展# #新长安新安全天枢智能# #科技长安智慧伙伴# ...,中国长安汽车集团,https://m.weibo.cn/detail/5280766083995289,2026-03-26,微博-中国长安汽车集团,2026-04-06T00:59:32+08:00
【鞍矿智维推出 “一机一码” 智能管理系统】近日，鞍矿智维公司电修事业部正式投用 “一机一码” 智能管理系统。现场作业人员通过手机扫描设备专属二维码，即可快速调...,鞍钢集团,https://m.weibo.cn/detail/5280637671444246,2026-03-26,微博-鞍钢集团,2026-04-06T00:59:32+08:00
关于公开征求《人工智能 安全治理 模型上下文协议应用安全要求》等121项行业标准计划项目意见的公示,工业和信息化部,https://www.miit.gov.cn/zwgk/wjgs/art/2026/art_696da80f95f8452ea53078493a85d864.html,2026-03-26,MIIT-首页-文件公示,2026-03-26T14:12:37+08:00
【山西强化监控系统管理 确保数据真实有效】日前，国家矿山安全监察局山西局与山西省应急管理厅、山西省能源局印发通知，要求进一步加强安全监控系统使用管理，确保安全监...,国家矿山安全监察局,https://m.weibo.cn/detail/5280315243498122,2026-03-25,微博-国家矿山安全监察局,2026-04-06T00:59:32+08:00
#四川支持无人机配送# 四川省低空经济产业链链长办公室印发《四川省低空经济产业链2026年重点工作任务》，要求大力培育低空经济应用场景，省邮政管理局被列为责任单...,国家邮政局,https://m.weibo.cn/detail/5280300550062446,2026-03-25,微博-国家邮政局,2026-04-06T00:59:32+08:00
#内蒙古将快递服务融入城市建设布局# 内蒙古自治区多部门联合印发《内蒙古自治区推进“好房子”建设行动方案》。 《行动方案》围绕完善社区寄递基础设施、提升末端服务...,国家邮政局,https://m.weibo.cn/detail/5280300243878293,2026-03-25,微博-国家邮政局,2026-04-06T00:59:32+08:00
一城热辣，一城山海 海口车展到底怎么逛？ 保姆级攻略它来了 看川剧变脸，打卡天枢智能区 拿精美好礼，快跟上，开始沉浸式逛展～ #2026海南国际车展# #新长安...,中国长安汽车集团,https://m.weibo.cn/detail/5280456507130355,2026-03-25,微博-中国长安汽车集团,2026-04-06T00:59:32+08:00
中国长安汽车亮相重庆汽车行业第37届年会 以开放合作心态、自主创新定力 共筑新质生产力，共建产业新生态 #新长安新安全天枢智能# #科技长安智慧伙伴#,中国长安汽车集团,https://m.weibo.cn/detail/5280448172787222,2026-03-25,微博-中国长安汽车集团,2026-04-06T00:59:32+08:00
长安汽车天枢智能“新安全”成果发布官方直播,中国长安汽车集团,https://live.media.weibo.com/subscribe/h5/index/index?oid=1022%3A232240e3e25d91a572fcacf5a0c212c0e670b2&luicode=10000011&lfid=1076038009156401&launchid=10000360-page_H5,2026-03-25,微博-中国长安汽车集团,2026-04-06T00:59:32+08:00
工业和信息化部就推进工业数据筑基行动、加速工业园区数字化转型等答记者问,工业和信息化部,https://www.miit.gov.cn/xwfb/xwfbh/gxbxwfbh/art/2026/art_e79644b71a3e4f1a9f716babb6d2359b.html,2026-03-25,MIIT-首页-新闻发布,2026-03-26T07:36:20+08:00
工信部就推进工业数据筑基行动、加速工业园区数字化转型等答记者问,工信微报,https://view.inews.qq.com/a/20260325A02BBN00,2026-03-25,腾讯新闻搜索-工信微报,2026-03-25T14:02:18+08:00
#每天认识一件兵器# 【一机集团成功研制微型消防车】近日，兵器工业集团一机集团专用汽车公司四轮微型消防车（救援车）研制成功，为复杂环境下的消防救援提供了全新装备...,兵工之声,https://m.weibo.cn/detail/5279940607739300,2026-03-24,微博-兵工之声,2026-04-06T00:59:32+08:00
中国煤科天玛智控攻克66°世界级开采难题 实现急倾斜煤层智能开采 @国资小新 @微博央企 @央企头条 @中国科技网 @中国煤炭网 @中国能源网 @品牌联盟 网页...,中国煤炭科工集团,https://m.weibo.cn/detail/5280046391498669,2026-03-24,微博-中国煤炭科工集团,2026-04-06T00:59:32+08:00
失控，不再“听天由命” 意外，终能“稳稳接住” 智能时代，安全再迈关键一步 3月26日 海南国际会展中心1号馆 下一个标配，敬请期待 #2026海南国际车展# ...,中国长安汽车集团,https://m.weibo.cn/detail/5279993259100758,2026-03-24,微博-中国长安汽车集团,2026-04-06T00:59:32+08:00
不同时代，各有安全标配 技术的跃迁，带来安全的进化 长安汽车天枢智能 开启智能时代的安全标配 3月26日，海南国际会展中心1号馆 #2026海口车展# #新长安...,中国长安汽车集团,https://m.weibo.cn/detail/5279912607089954,2026-03-24,微博-中国长安汽车集团,2026-04-06T00:59:32+08:00
【首批次公示！鞍钢集团九项产品入选！】近日，四川省经信厅发布《关于2025年度四川省重大技术装备首台套新材料首批次软件首版次产品的公示》，成都材料院研发的“液态...,鞍钢集团,https://m.weibo.cn/detail/5279963659111113,2026-03-24,微博-鞍钢集团,2026-04-06T00:59:32+08:00
【朝阳钢铁聚焦焦炉煤气消耗，打响节能降耗攻坚战】通过流程优化、智能升级、精细管控，多项节能增效成果落地见效！铁水罐烘烤环节引入智能烘烤器 + 动态燃比控制算法，...,鞍钢集团,https://m.weibo.cn/detail/5279963198788301,2026-03-24,微博-鞍钢集团,2026-04-06T00:59:32+08:00
【攀钢一AI项目在省大赛上获奖】近日，四川省第三届职工创新大赛暨2025年四川省职工AI应用大赛决赛在成都落幕，攀钢研究院的“基于人工智能的高氮钢智能锻造工艺优...,鞍钢集团,https://m.weibo.cn/detail/5279962157810262,2026-03-24,微博-鞍钢集团,2026-04-06T00:59:32+08:00
#更加新质的宝武# 城市轨道交通的“智慧大脑”升级了！由宝信软件打造的“城轨云数据平台”正在多个城市悄悄升级你的出行体验。 这个平台能实时汇聚全线路数据，由AI...,友爱的宝武,https://m.weibo.cn/detail/5280016104948130,2026-03-24,微博-友爱的宝武,2026-04-06T00:59:32+08:00
【牛牛也能打“飞的” 236头澳洲种牛空降济南】近日，236头优质种牛搭乘南航货机，从澳大利亚墨尔本飞抵山东济南，为加快国内肉牛良种繁育体系建设提供有力支撑。未...,中国南方航空,https://m.weibo.cn/detail/5280011503272030,2026-03-24,微博-中国南方航空,2026-04-06T00:59:32+08:00
【中国建研院成功举办“数字智能助力大湾区建筑科技创新发展”技术交流会】 3月20日，由中国建研院和深圳市南山区住房和建设局联合主办的“数字智能助力大湾区建筑科技...,中国建研院,https://m.weibo.cn/detail/5279927381527126,2026-03-24,微博-中国建研院,2026-04-06T00:59:32+08:00
关于公开征求《冰雪装备 术语》等206项行业标准报批意见的公示,工业和信息化部,https://www.miit.gov.cn/zwgk/wjgs/art/2026/art_ed5decec3a894369a0d59bfeb8c89381.html,2026-03-24,MIIT-首页-文件公示,2026-03-24T14:01:03+08:00
中国煤科品牌文化打卡点探访之旅 |中国煤科沈阳研究院煤矿用制氮设备：实时监控，智慧制氮 @国资小新 @微博央企 @央企头条 @中国科技网 @中国煤炭网 @中国能...,中国煤炭科工集团,https://m.weibo.cn/detail/5279662613463175,2026-03-23,微博-中国煤炭科工集团,2026-04-06T00:59:32+08:00
【上海宝冶入选2025中国智造基石名录】近日，上海宝冶入选2025中国智造基石名录，获评智能化生产线。其以“数字化管理平台+智能化装备”双轮驱动、推动生产全环节...,中国五矿,https://m.weibo.cn/detail/5279573604567932,2026-03-23,微博-中国五矿,2026-04-06T00:59:32+08:00
中共中央办公厅 国务院办公厅印发《国有企业领导人员廉洁从业规定》,中国政府网,https://weibo.cn/sinaurl?luicode=10000011&lfid=1076035000609535&launchid=10000360-page_H5&u=https%3A%2F%2Fwww.gov.cn%2Fyaowen%2Fliebiao%2F202603%2Fcontent_7063467.htm,2026-03-22,微博-中国政府网,2026-04-06T00:59:32+08:00
去年我国电机及其系统年产值超1万亿元 各类节能装备能效水平持续提升,工信微报,https://view.inews.qq.com/a/20260321A02G9A00,2026-03-21,腾讯新闻搜索-工信微报,2026-03-21T13:41:46+08:00
工业和信息化部举行《节能装备高质量发展实施方案（2026—2028年）》新闻发布会,工业和信息化部,https://www.miit.gov.cn/xwfb/xwfbh/bxwfbh/art/2026/art_4e9257192fe743ca84c33ffc78e94e0c.html,2026-03-20,MIIT-首页-新闻发布,2026-04-04T07:35:07+08:00
工业和信息化部举行《节能装备高质量发展实施方案（2026—2028年）》新闻发布会,工业和信息化部,http://www.miit.gov.cn/xwfb/xwfbh/bxwfbh/art/2026/art_4e9257192fe743ca84c33ffc78e94e0c.html,2026-03-20,MIIT-首页-工信动态,2026-03-21T07:30:08+08:00
工信部举行《节能装备高质量发展实施方案（2026—2028年）》新闻发布会,工信微报,https://view.inews.qq.com/a/20260320A05TZG00,2026-03-20,腾讯新闻搜索-工信微报,2026-03-21T07:30:08+08:00
李乐成调研信息技术创新应用和未来产业发展研究工作,工业和信息化部,http://www.miit.gov.cn/xwfb/bldhd/art/2026/art_608586e84247458286513f699019c510.html,2026-03-20,MIIT-首页-工信动态,2026-03-20T13:53:12+08:00
《节能装备高质量发展实施方案（2026—2028年）》,工业和信息化部,http://www.miit.gov.cn/zwgk/zcwj/wjfb/tz/art/2026/art_a3250eaa656845149b12615070009204.html,2026-03-20,MIIT-首页-最新政策,2026-03-20T13:53:12+08:00
四部门联合印发《节能装备高质量发展实施方案（2026—2028年）》,工业和信息化部,https://www.miit.gov.cn/xwfb/gxdt/sjdt/art/2026/art_80b48617a9f84d9bbc4889bf8150df74.html,2026-03-20,MIIT-首页-司局动态,2026-03-20T13:53:12+08:00
《节能装备高质量发展实施方案（2026—2028年）》解读,工业和信息化部,https://www.miit.gov.cn/zwgk/zcjd/art/2026/art_271dd379de6a4f78a4dca638958ea86d.html,2026-03-20,MIIT-首页-政策文件-相关解读,2026-03-20T13:53:12+08:00
一图读懂《节能装备高质量发展实施方案（2026—2028年）》,工业和信息化部,https://www.miit.gov.cn/zwgk/zcjd/art/2026/art_5ae519ee3727402b9be56e715f082e8f.html,2026-03-20,MIIT-首页-政策文件-相关解读,2026-03-20T13:53:12+08:00
工信部等四部门印发《节能装备高质量发展实施方案（2026—2028年）》,工信微报,https://view.inews.qq.com/a/20260320A03N3J00,2026-03-20,腾讯新闻搜索-工信微报,2026-03-20T13:53:12+08:00
李乐成调研信息技术创新应用和未来产业发展研究工作,工信微报,https://view.inews.qq.com/a/20260320A045XK00,2026-03-20,腾讯新闻搜索-工信微报,2026-03-20T13:53:12+08:00
四问+一图，读懂《节能装备高质量发展实施方案（2026—2028年）》,工信微报,https://view.inews.qq.com/a/20260320A03N3O00,2026-03-20,腾讯新闻搜索-工信微报,2026-03-20T13:53:12+08:00
经济日报：培育壮大未来产业,工信微报,https://view.inews.qq.com/a/20260319A07EZF00,2026-03-19,腾讯新闻搜索-工信微报,2026-03-20T07:31:20+08:00
全面布局未来产业  激活高质量发展新动能,工信微报,https://view.inews.qq.com/a/20260318A01ROD00,2026-03-18,腾讯新闻搜索-工信微报,2026-03-18T14:03:43+08:00
以实干实绩谱写新型工业化事业发展新篇章——工业和信息化部系统有力有序开展树立和践行正确政绩观学习教育,工业和信息化部,https://www.miit.gov.cn/xwfb/gxdt/art/2026/art_590a0bdf1e18467c8fb97312395a7dc6.html,2026-03-17,MIIT-首页-工信动态,2026-03-18T07:34:04+08:00
16个上榜！工信部公布创建国家新型工业化示范区首批城市名单,工信微报,https://view.inews.qq.com/a/20260317A0386N00,2026-03-17,腾讯新闻搜索-工信微报,2026-03-17T13:59:56+08:00
以实干实绩谱写新型工业化事业发展新篇章——工业和信息化部系统有力有序开展树立和践行正确政绩观学习教育,工信微报,https://view.inews.qq.com/a/20260317A04GVL00,2026-03-17,腾讯新闻搜索-工信微报,2026-03-17T13:59:56+08:00
工业和信息化部关于公布创建国家新型工业化示范区首批城市名单的通知,工业和信息化部,https://www.miit.gov.cn/zwgk/zcwj/wjfb/tz/art/2026/art_7feca8249dd54c2c993a26ca8e869b4e.html,2026-03-16,MIIT-首页-政策文件,2026-03-17T13:59:56+08:00
关于公开征求《智能家居互联互通 第1部分：局域网接入要求》等6项强制性国家标准制修订计划项目意见的公示,工业和信息化部,https://www.miit.gov.cn/zwgk/wjgs/art/2026/art_35fb229186064a02a6dda9f0d94b8d04.html,2026-03-16,MIIT-首页-文件公示,2026-03-17T13:59:56+08:00
第一批国家新兴产业发展示范基地创建遴选工作启动,工信微报,https://view.inews.qq.com/a/20260316A03AJY00,2026-03-16,腾讯新闻搜索-工信微报,2026-03-16T14:20:01+08:00
工业和信息化部办公厅关于开展第一批国家新兴产业发展示范基地创建遴选工作的通知,工业和信息化部,https://www.miit.gov.cn/zwgk/zcwj/wjfb/tz/art/2026/art_53f30b5af55d42beaedff81f46e2d44a.html,2026-03-13,MIIT-首页-政策文件,2026-03-16T14:20:01+08:00
关于公开征求《工业互联网平台 设备健康管理规范 第1部分：水电设备》等13项行业标准报批意见的公示,工业和信息化部,https://www.miit.gov.cn/zwgk/wjgs/art/2026/art_8a62ff04006a4a958abfd71572cfcb67.html,2026-03-12,MIIT-首页-文件公示,2026-03-13T07:29:56+08:00
建设面向AI赋能的高质量行业数据集！工信部启动工业数据筑基行动,工信微报,https://view.inews.qq.com/a/20260311A07GE400,2026-03-11,腾讯新闻搜索-工信微报,2026-03-12T07:27:35+08:00
打造“5G+工业互联网”升级版 为智能经济注入强劲动能,工信微报,https://view.inews.qq.com/a/20260311A03FTC00,2026-03-11,腾讯新闻搜索-工信微报,2026-03-11T13:50:38+08:00
工业和信息化部办公厅关于启动工业数据筑基行动 开展面向人工智能赋能的高质量行业数据集建设先行先试的通知,工业和信息化部,https://www.miit.gov.cn/zwgk/zcwj/wjfb/tz/art/2026/art_f2b5d5d3dda44da5b8d3fa7d3198656a.html,2026-03-10,MIIT-首页-政策文件,2026-03-12T07:27:35+08:00
专家建议：审慎使用“龙虾”等智能体,工信微报,https://view.inews.qq.com/a/20260310A07IS800,2026-03-10,腾讯新闻搜索-工信微报,2026-03-11T07:29:49+08:00
工信部印发《安全应急装备标准体系建设指南（2026版）》,工信微报,https://view.inews.qq.com/a/20260309A04JBT00,2026-03-09,腾讯新闻搜索-工信微报,2026-03-09T16:57:28+08:00
政府工作报告首提的“打造智能经济新形态”是什么？怎么做？一文详解,工信微报,https://view.inews.qq.com/a/20260309A02LNE00,2026-03-09,腾讯新闻搜索-工信微报,2026-03-09T16:57:28+08:00
政府工作报告连续三年部署未来产业，“中国制造”新名片是什么？,工信微报,https://view.inews.qq.com/a/20260307A03XV800,2026-03-07,腾讯新闻搜索-工信微报,2026-03-09T16:57:28+08:00
工业和信息化部部长李乐成：将大力推动人工智能和制造业“双向奔赴”,工信微报,https://view.inews.qq.com/a/20260306A076Z600,2026-03-06,腾讯新闻搜索-工信微报,2026-03-07T11:16:09+08:00
《政府工作报告》热词“人工智能”，工信部这样解读这样干！,工信微报,https://view.inews.qq.com/a/20260306A04T8V00,2026-03-06,腾讯新闻搜索-工信微报,2026-03-07T11:16:09+08:00
实录丨李乐成在“部长通道”谈现代化产业体系、人工智能产业,工业和信息化部,https://www.miit.gov.cn/xwfb/bldhd/art/2026/art_e4b64e4dd78544708df400dd1042bdee.html,2026-03-05,MIIT-首页-部领导活动,2026-03-18T07:34:04+08:00
工业和信息化部办公厅关于印发安全应急装备标准体系建设指南（2026版）的通知,工业和信息化部,https://www.miit.gov.cn/zwgk/zcwj/wjfb/tz/art/2026/art_b227e409dc424617b4d7d5faad28a549.html,2026-03-05,MIIT-首页-政策文件,2026-03-09T16:57:28+08:00
传统产业、新兴产业、未来产业，要这样发展！,工信微报,https://view.inews.qq.com/a/20260305A02YT500,2026-03-05,腾讯新闻搜索-工信微报,2026-03-09T16:57:28+08:00
实录丨李乐成在“部长通道”谈现代化产业体系、人工智能产业,工业和信息化部,http://www.miit.gov.cn/xwfb/bldhd/art/2026/art_e4b64e4dd78544708df400dd1042bdee.html,2026-03-05,MIIT-首页-工信动态,2026-03-06T11:26:59+08:00
【图览“部长通道”】构建以先进制造业为骨干的现代化产业体系,工信微报,https://view.inews.qq.com/a/20260305A05A6800,2026-03-05,腾讯新闻搜索-工信微报,2026-03-06T11:26:59+08:00
实录丨李乐成在“部长通道”谈现代化产业体系、人工智能产业,工信微报,https://view.inews.qq.com/a/20260305A04JNL00,2026-03-05,腾讯新闻搜索-工信微报,2026-03-06T11:26:59+08:00
【图览“部长通道”】推动人工智能创新发展,工信微报,https://view.inews.qq.com/a/20260305A05N7W00,2026-03-05,腾讯新闻搜索-工信微报,2026-03-06T11:26:59+08:00
AI玩具全球爆单，中国制造再“出圈”！,工信微报,https://view.inews.qq.com/a/20260305A01OGP00,2026-03-05,腾讯新闻搜索-工信微报,2026-03-05T11:29:01+08:00
人民锐评：从生成“智能”到生活“移动”，今日网友成就未来,工信微报,https://view.inews.qq.com/a/20260304A07ANR00,2026-03-04,腾讯新闻搜索-工信微报,2026-03-09T16:57:28+08:00
工信部等六部门联合印发《关于促进光伏组件综合利用的指导意见》,工信微报,https://view.inews.qq.com/a/20260303A04YSW00,2026-03-03,腾讯新闻搜索-工信微报,2026-03-09T16:57:28+08:00
我国生成式人工智能用户超6亿人,中国政府网,https://www.gov.cn/yaowen/liebiao/202603/content_7060221.htm,2026-03-03,GOV-首页-要闻,2026-03-03T11:33:48+08:00
“打造智能经济新形态”，新提法里有深意,中国政府网,https://www.gov.cn/zhengce/202603/content_7062025.htm,2026-03-01,GOV-首页-政策解读,2026-03-12T07:27:35+08:00
工业和信息化部：启动工业数据筑基行动,中国政府网,https://www.gov.cn/lianbo/202603/content_7061939.htm,2026-03-01,GOV-首页-政务联播,2026-03-12T07:27:35+08:00
人民日报：推动人工智能赋能千行百业,工信微报,https://view.inews.qq.com/a/20260226A05C3U00,2026-02-26,腾讯新闻搜索-工信微报,2026-02-27T11:29:54+08:00
办好代表建议，让“金点子”变成推动“人工智能+制造”发展“金钥匙”,工信微报,https://view.inews.qq.com/a/20260226A01PPM00,2026-02-26,腾讯新闻搜索-工信微报,2026-02-26T11:33:09+08:00
春晚这扇“窗”，照见中国机器人产业“跑”出倍速,工信微报,https://view.inews.qq.com/a/20260218A01X3S00,2026-02-18,腾讯新闻搜索-工信微报,2026-02-18T11:38:00+08:00
春晚机器人技能大盘点，马年第一天为中国智造加油！,工信微报,https://view.inews.qq.com/a/20260217A02P4P00,2026-02-17,腾讯新闻搜索-工信微报,2026-02-18T11:38:00+08:00
推动人工智能赋能制造业转型升级——工业和信息化部积极推动落实代表委员建议提案,工信微报,https://view.inews.qq.com/a/20260213A0401200,2026-02-13,腾讯新闻搜索-工信微报,2026-02-14T11:28:12+08:00
“无线电与人工智能”（Radio and AI）——第十五个“世界无线电日”,工信微报,https://view.inews.qq.com/a/20260213A0704S00,2026-02-13,腾讯新闻搜索-工信微报,2026-02-14T11:28:12+08:00
南航在“十四五”推进新型工业化中书写奋进答卷,工信微报,https://view.inews.qq.com/a/20260213A05MUC00,2026-02-13,腾讯新闻搜索-工信微报,2026-02-14T11:28:12+08:00
牢记嘱托，哈工程“十四五”硬核助力新型工业化,工信微报,https://view.inews.qq.com/a/20260212A06R4J00,2026-02-12,腾讯新闻搜索-工信微报,2026-02-14T11:28:12+08:00
哈工大：“十四五”以卓越行动服务新型工业化事业高质量发展,工信微报,https://view.inews.qq.com/a/20260210A04UYH00,2026-02-10,腾讯新闻搜索-工信微报,2026-02-11T11:47:47+08:00
工业和信息化部印发通知 推进“1+M+N”国家算力互联互通节点体系建设,工业和信息化部,https://www.miit.gov.cn/xwfb/gxdt/sjdt/art/2026/art_43d399a607c541e8884a63f835c7a3a4.html,2026-02-06,MIIT-首页-司局动态,2026-02-07T11:25:19+08:00
工业和信息化部办公厅关于组织开展国家算力互联互通节点建设工作的通知,工业和信息化部,https://www.miit.gov.cn/zwgk/zcwj/wjfb/tz/art/2026/art_1e5f954ec70a44499acf63655c34b35e.html,2026-02-06,MIIT-首页-政策文件,2026-02-07T11:25:19+08:00
工信部印发通知 推进“1+M+N”国家算力互联互通节点体系建设,工信微报,https://view.inews.qq.com/a/20260206A05QN100,2026-02-06,腾讯新闻搜索-工信微报,2026-02-07T11:25:19+08:00
11部门联合发文提升境外人员入境数字化服务便利性,中国政府网,https://www.gov.cn/lianbo/202602/content_7057169.htm,2026-02-05,GOV-首页-要闻,2026-02-06T11:31:58+08:00
“十四五”时期制造业质量竞争力指数处于历史最高水平,中国政府网,https://www.gov.cn/lianbo/202602/content_7056789.htm,2026-02-02,GOV-首页-国新办,2026-02-04T11:31:53+08:00
2025年我国规上电子信息制造业增加值同比增长10.6%,工信微报,https://view.inews.qq.com/a/20260202A02VAJ00,2026-02-02,腾讯新闻搜索-工信微报,2026-02-02T11:41:19+08:00
央视《新闻联播》：“十四五”我国机器人产业实现跨越式发展,工信微报,https://view.inews.qq.com/a/20260131A027WZ00,2026-01-31,腾讯新闻搜索-工信微报,2026-02-02T08:49:02+08:00
2025年电子信息制造业运行情况,工业和信息化部,https://www.miit.gov.cn/gxsj/tjfx/dzxx/art/2026/art_92806ace120f403b8c87cb703721520f.html,2026-01-30,MIIT-首页-tab4,2026-02-02T08:49:02+08:00
AI拉满格，智造超有料,工信微报,https://view.inews.qq.com/a/20260126A02Y6Q00,2026-01-26,腾讯新闻搜索-工信微报,2026-02-02T08:49:02+08:00
工业和信息化领域对经济增长贡献超四成  人工智能产业亮点纷呈,工信微报,https://view.inews.qq.com/a/20260123A01T2Q00,2026-01-23,腾讯新闻搜索-工信微报,2026-01-26T09:18:16+08:00
工信部全面开展算力态势感知自动化监测工作,工信微报,https://view.inews.qq.com/a/20260122A0580300,2026-01-22,腾讯新闻搜索-工信微报,2026-01-26T09:18:16+08:00
工业和信息化部全面开展算力态势感知自动化监测工作,工业和信息化部,https://www.miit.gov.cn/xwfb/gxdt/sjdt/art/2026/art_d9a97da3826d4072beed83c66c19f81f.html,2026-01-21,MIIT-首页-司局动态,2026-01-22T15:55:18+08:00
一体化赋能制造业数智转型,工信微报,https://view.inews.qq.com/a/20260121A01IKQ00,2026-01-21,腾讯新闻搜索-工信微报,2026-01-22T15:55:18+08:00
我国加速人工智能赋能制造业发展,工信微报,https://view.inews.qq.com/a/20260119A01IDV00,2026-01-19,腾讯新闻搜索-工信微报,2026-01-22T15:55:18+08:00
电子信息制造业量质齐升塑造新动能,工信微报,https://view.inews.qq.com/a/20260116A05UMV00,2026-01-16,腾讯新闻搜索-工信微报,2026-01-22T15:55:18+08:00
加快新一代信息技术全方位全链条普及应用  助力新型工业化向纵深推进,工信微报,https://view.inews.qq.com/a/20260115A07QLY00,2026-01-15,腾讯新闻搜索-工信微报,2026-01-22T15:55:18+08:00
工业和信息化部召开第十八次制造业企业座谈会,工业和信息化部,http://www.miit.gov.cn/xwfb/bldhd/art/2026/art_abf74c5960cc460e9c8d11d43dd97ddd.html,2026-01-13,MIIT-首页-工信动态,2026-01-22T15:55:18+08:00
两部门关于公布2025年人工智能医疗器械创新任务揭榜挂帅入围单位的通知,工业和信息化部,http://www.miit.gov.cn/zwgk/zcwj/wjfb/tz/art/2026/art_fbd44649a63c4b8d94f5a16a858b879a.html,2026-01-09,MIIT-首页-最新政策,2026-01-22T15:55:18+08:00
八部门关于印发《“人工智能+制造”专项行动实施意见》的通知,工业和信息化部,https://www.miit.gov.cn/zwgk/zcwj/wjfb/tz/art/2026/art_01010414608a4226b30687773bb21bdf.html,2026-01-07,MIIT-首页-最新政策,2026-01-22T15:55:18+08:00
哈工大与中国农科院共建农业人工智能学院,工业和信息化部,https://www.miit.gov.cn/xwfb/gxdt/bsdt/art/2026/art_f6b4b94f0f1f4ca8a493e8174d25331b.html,2026-01-07,MIIT-首页-部属动态,2026-01-22T15:55:18+08:00
工信部印发《工业互联网和人工智能融合赋能行动方案》,工信微报,https://view.inews.qq.com/a/20260107A05ZWW00,2026-01-07,腾讯新闻搜索-工信微报,2026-01-22T15:55:18+08:00
四问+一图，读懂《工业互联网和人工智能融合赋能行动方案》,工信微报,https://view.inews.qq.com/a/20260107A05ZX100,2026-01-07,腾讯新闻搜索-工信微报,2026-01-22T15:55:18+08:00
税收数据显示：制造业经济“压舱石”作用更加凸显,中国政府网,https://www.gov.cn/lianbo/202601/content_7055597.htm,2026-01-02,GOV-首页-要闻,2026-01-22T15:55:18+08:00
2025年1－11月电子信息制造业运行情况,工业和信息化部,https://www.miit.gov.cn/gxsj/tjfx/dzxx/art/2025/art_ffdb9f3a6e9c4b569f9cb43cc927e2d7.html,2025-12-31,MIIT-首页-tab4,2026-01-22T15:55:18+08:00
工信部等四部门联合印发《汽车行业数字化转型实施方案》,工信微报,https://view.inews.qq.com/a/20251230A0691M00,2025-12-30,腾讯新闻搜索-工信微报,2026-01-22T15:55:18+08:00
六问+一图，读懂《汽车行业数字化转型实施方案》,工信微报,https://view.inews.qq.com/a/20251230A0691Q00,2025-12-30,腾讯新闻搜索-工信微报,2026-01-22T15:55:18+08:00
工业和信息化部人形机器人与具身智能标准化技术委员会成立,工信微报,https://view.inews.qq.com/a/20251227A03HGL00,2025-12-27,腾讯新闻搜索-工信微报,2026-01-22T15:55:18+08:00
